,Municipio,Populacao,macro,regional,lat,lon
0,BALNEÁRIO CAMBORIÚ,140036,FOZ DO RIO ITAJAÍ,FOZ DO RIO ITAJAÍ,-27.00473681198928,-48.62174059290786
1,BALNEÁRIO PIÇARRAS,28177,FOZ DO RIO ITAJAÍ,FOZ DO RIO ITAJAÍ,-26.75949159508957,-48.73329012672856
2,BOMBINHAS,24416,FOZ DO RIO ITAJAÍ,FOZ DO RIO ITAJAÍ,-27.17325633187103,-48.51748707787348
3,CAMBORIÚ,112167,FOZ DO RIO ITAJAÍ,FOZ DO RIO ITAJAÍ,-27.070938703807663,-48.70898929280387
4,ILHOTA,20319,FOZ DO RIO ITAJAÍ,FOZ DO RIO ITAJAÍ,-26.859040901529745,-48.85735097749987
5,ITAJAÍ,291169,FOZ DO RIO ITAJAÍ,FOZ DO RIO ITAJAÍ,-26.96901297467498,-48.75341716434316
6,ITAPEMA,76247,FOZ DO RIO ITAJAÍ,FOZ DO RIO ITAJAÍ,-27.10858334921313,-48.63442695278928
7,LUIZ ALVES,12249,FOZ DO RIO ITAJAÍ,FOZ DO RIO ITAJAÍ,-26.72735194701673,-48.89108169124951
8,NAVEGANTES,88655,FOZ DO RIO ITAJAÍ,FOZ DO RIO ITAJAÍ,-26.82874286660231,-48.72739585880501
9,PENHA,33400,FOZ DO RIO ITAJAÍ,FOZ DO RIO ITAJAÍ,-26.80775980093401,-48.6507645209128
10,PORTO BELO,27726,FOZ DO RIO ITAJAÍ,FOZ DO RIO ITAJAÍ,-27.17479588202193,-48.61643450369326
11,ALFREDO WAGNER,10455,GRANDE FLORIANÓPOLIS,GRANDE FLORIANÓPOLIS,-27.70594673424535,-49.3307510700746
12,ANGELINA,5497,GRANDE FLORIANÓPOLIS,GRANDE FLORIANÓPOLIS,-27.543005676188848,-49.06722368187546
13,ANITÁPOLIS,3463,GRANDE FLORIANÓPOLIS,GRANDE FLORIANÓPOLIS,-27.879775975302707,-49.13875010333535
14,ANTÔNIO CARLOS,11295,GRANDE FLORIANÓPOLIS,GRANDE FLORIANÓPOLIS,-27.497474227181968,-48.83098179624291
15,BIGUAÇU,78623,GRANDE FLORIANÓPOLIS,GRANDE FLORIANÓPOLIS,-27.433529852830816,-48.69394689806006
16,CANELINHA,12759,GRANDE FLORIANÓPOLIS,GRANDE FLORIANÓPOLIS,-27.23460358338924,-48.80230959011115
17,FLORIANÓPOLIS,574200,GRANDE FLORIANÓPOLIS,GRANDE FLORIANÓPOLIS,-27.577833913876493,-48.50819805014117
18,GAROPABA,29801,GRANDE FLORIANÓPOLIS,GRANDE FLORIANÓPOLIS,-28.04673393425685,-48.65893578099145
19,GOVERNADOR CELSO RAMOS,17306,GRANDE FLORIANÓPOLIS,GRANDE FLORIANÓPOLIS,-27.37661650148034,-48.57722959006138
20,LEOBERTO LEAL,3334,GRANDE FLORIANÓPOLIS,GRANDE FLORIANÓPOLIS,-27.47214025034485,-49.25722235989941
21,MAJOR GERCINO,3887,GRANDE FLORIANÓPOLIS,GRANDE FLORIANÓPOLIS,-27.42792580883704,-49.05263192701135
22,NOVA TRENTO,13645,GRANDE FLORIANÓPOLIS,GRANDE FLORIANÓPOLIS,-27.31326812312137,-49.04136677854023
23,PALHOÇA,236638,GRANDE FLORIANÓPOLIS,GRANDE FLORIANÓPOLIS,-27.77182146966105,-48.66170819531588
24,PAULO LOPES,9326,GRANDE FLORIANÓPOLIS,GRANDE FLORIANÓPOLIS,-27.96485520622319,-48.76016335634399
25,RANCHO QUEIMADO,3252,GRANDE FLORIANÓPOLIS,GRANDE FLORIANÓPOLIS,-27.67393150233846,-49.089880502958856
26,SANTO AMARO DA IMPERATRIZ,28260,GRANDE FLORIANÓPOLIS,GRANDE FLORIANÓPOLIS,-27.741766116501967,-48.79655035805106
27,SÃO BONIFÁCIO,2950,GRANDE FLORIANÓPOLIS,GRANDE FLORIANÓPOLIS,-27.956554071439477,-48.93909777309912
28,SÃO JOSÉ,287409,GRANDE FLORIANÓPOLIS,GRANDE FLORIANÓPOLIS,-27.57847109713233,-48.65625577254402
29,SÃO JOÃO BATISTA,32360,GRANDE FLORIANÓPOLIS,GRANDE FLORIANÓPOLIS,-27.3289283421727,-48.859015927042506
30,SÃO PEDRO DE ALCÂNTARA,5693,GRANDE FLORIANÓPOLIS,GRANDE FLORIANÓPOLIS,-27.591567381186135,-48.837130751483066
31,TIJUCAS,49474,GRANDE FLORIANÓPOLIS,GRANDE FLORIANÓPOLIS,-27.247563296595885,-48.70088637061579
32,ÁGUAS MORNAS,6765,GRANDE FLORIANÓPOLIS,GRANDE FLORIANÓPOLIS,-27.733480951801116,-48.936026935725984
33,ANCHIETA,5942,GRANDE OESTE,EXTREMO OESTE,-26.532948184400585,-53.33310864178267
34,BANDEIRANTE,3144,GRANDE OESTE,EXTREMO OESTE,-26.768595796097028,-53.64816794738197
35,BARRA BONITA,1608,GRANDE OESTE,EXTREMO OESTE,-26.66835784442113,-53.42505535504748
36,BELMONTE,2703,GRANDE OESTE,EXTREMO OESTE,-26.857082065884523,-53.61806004596434
37,BOM JESUS DO OESTE,2182,GRANDE OESTE,EXTREMO OESTE,-26.684020817771067,-53.095288071802216
38,DESCANSO,8559,GRANDE OESTE,EXTREMO OESTE,-26.858413595000638,-53.4793005223036
39,DIONÍSIO CERQUEIRA,14989,GRANDE OESTE,EXTREMO OESTE,-26.329842624688037,-53.533104817609406
40,FLOR DO SERTÃO,1784,GRANDE OESTE,EXTREMO OESTE,-26.76378082164953,-53.33734229657069
41,GUARACIABA,11154,GRANDE OESTE,EXTREMO OESTE,-26.580105565442395,-53.571076311226726
42,GUARUJÁ DO SUL,4819,GRANDE OESTE,EXTREMO OESTE,-26.39833636190546,-53.48402065827256
43,IPORÃ DO OESTE,9333,GRANDE OESTE,EXTREMO OESTE,-27.000431634442474,-53.489414418215965
44,IRACEMINHA,3987,GRANDE OESTE,EXTREMO OESTE,-26.845317195563474,-53.32445648581825
45,ITAPIRANGA,16503,GRANDE OESTE,EXTREMO OESTE,-27.112222405376688,-53.711674144548695
46,MARAVILHA,28045,GRANDE OESTE,EXTREMO OESTE,-26.759973577360107,-53.19811282877847
47,MODELO,4085,GRANDE OESTE,EXTREMO OESTE,-26.77477746640045,-53.05109629093748
48,MONDAÍ,9961,GRANDE OESTE,EXTREMO OESTE,-27.09929258522074,-53.44649707854179
49,PALMA SOLA,7601,GRANDE OESTE,EXTREMO OESTE,-26.37354381742908,-53.31452923662933
50,PARAÍSO,4437,GRANDE OESTE,EXTREMO OESTE,-26.662800366381106,-53.67830388048522
51,PRINCESA,2964,GRANDE OESTE,EXTREMO OESTE,-26.43294507449384,-53.61177569847364
52,ROMELÂNDIA,4826,GRANDE OESTE,EXTREMO OESTE,-26.648389532310617,-53.31712397583878
53,SALTINHO,3626,GRANDE OESTE,EXTREMO OESTE,-26.590521643011797,-53.02227852519562
54,SANTA HELENA,2427,GRANDE OESTE,EXTREMO OESTE,-26.92195558857574,-53.61965218468821
55,SANTA TEREZINHA DO PROGRESSO,2580,GRANDE OESTE,EXTREMO OESTE,-26.59274865073079,-53.16992504599359
56,SAUDADES,10272,GRANDE OESTE,EXTREMO OESTE,-26.89720679402398,-53.04001442530173
57,SÃO JOSÉ DO CEDRO,15100,GRANDE OESTE,EXTREMO OESTE,-26.48085134039229,-53.53373642407425
58,SÃO JOÃO DO OESTE,6287,GRANDE OESTE,EXTREMO OESTE,-27.091607129863164,-53.59166414663414
59,SÃO MIGUEL DA BOA VISTA,1768,GRANDE OESTE,EXTREMO OESTE,-26.689643491003483,-53.23996170119908
60,SÃO MIGUEL DO OESTE,43946,GRANDE OESTE,EXTREMO OESTE,-26.72723694473141,-53.51212123092325
61,TIGRINHOS,2325,GRANDE OESTE,EXTREMO OESTE,-26.676066622551183,-53.15654614606529
62,TUNÁPOLIS,5018,GRANDE OESTE,EXTREMO OESTE,-26.98811657706097,-53.64994894871563
63,ARVOREDO,2539,GRANDE OESTE,OESTE,-27.07085356427636,-52.44198670964182
64,CAIBI,6199,GRANDE OESTE,OESTE,-27.025175523184227,-53.26305757870258
65,CAXAMBU DO SUL,4614,GRANDE OESTE,OESTE,-27.14671120355529,-52.92021076953631
66,CHAPECÓ,251150,GRANDE OESTE,OESTE,-27.12514375726409,-52.6503387011512
67,CORDILHEIRA ALTA,4735,GRANDE OESTE,OESTE,-26.975707450831653,-52.64165994492363
68,CORONEL FREITAS,10303,GRANDE OESTE,OESTE,-26.88316140551689,-52.72505203540188
69,CUNHA PORÃ,10904,GRANDE OESTE,OESTE,-26.879227556402125,-53.19066459516312
70,CUNHATAÍ,1757,GRANDE OESTE,OESTE,-26.97508678163015,-53.10087034298753
71,FORMOSA DO SUL,2682,GRANDE OESTE,OESTE,-26.63418929244456,-52.79378914566691
72,GUATAMBÚ,8400,GRANDE OESTE,OESTE,-27.11647391751629,-52.78338990117775
73,IRATI,2069,GRANDE OESTE,OESTE,-26.62759228422285,-52.89009910522137
74,JARDINÓPOLIS,1785,GRANDE OESTE,OESTE,-26.717195189426302,-52.87130602094494
75,NOVA ERECHIM,5179,GRANDE OESTE,OESTE,-26.908168558958387,-52.90669278808881
76,NOVA ITABERABA,4432,GRANDE OESTE,OESTE,-26.961141868867955,-52.83316646064405
77,PAIAL,1931,GRANDE OESTE,OESTE,-27.21300274694801,-52.48786857820866
78,PALMITOS,15627,GRANDE OESTE,OESTE,-27.09262173445292,-53.1798290650498
79,PINHALZINHO,21495,GRANDE OESTE,OESTE,-26.829373480377637,-52.97663206995043
80,PLANALTO ALEGRE,2946,GRANDE OESTE,OESTE,-27.051964045168106,-52.86898317565832
81,QUILOMBO,11027,GRANDE OESTE,OESTE,-26.72923644663756,-52.71798207770491
82,RIQUEZA,4769,GRANDE OESTE,OESTE,-26.97845506109925,-53.34435192618812
83,SANTIAGO DO SUL,1642,GRANDE OESTE,OESTE,-26.63087442406839,-52.69731235564567
84,SERRA ALTA,3314,GRANDE OESTE,OESTE,-26.69262092171896,-53.0252384398724
85,SUL BRASIL,2878,GRANDE OESTE,OESTE,-26.695341808174227,-52.94680043392991
86,SÃO CARLOS,10279,GRANDE OESTE,OESTE,-27.030109233268377,-53.03141183563582
87,UNIÃO DO OESTE,2782,GRANDE OESTE,OESTE,-26.786666327181376,-52.85600990552198
88,ÁGUAS DE CHAPECÓ,5872,GRANDE OESTE,OESTE,-27.054386024452796,-52.95673527930452
89,ÁGUAS FRIAS,2802,GRANDE OESTE,OESTE,-26.851638850973643,-52.85231124188476
90,ABELARDO LUZ,17389,GRANDE OESTE,XANXERÊ,-26.562426855567093,-52.25571912306015
91,BOM JESUS,2721,GRANDE OESTE,XANXERÊ,-26.7390418954996,-52.38999113763144
92,CAMPO ERÊ,9562,GRANDE OESTE,XANXERÊ,-26.45041878507548,-53.13029027791252
93,CORONEL MARTINS,2069,GRANDE OESTE,XANXERÊ,-26.53464591641919,-52.67187452260622
94,ENTRE RIOS,3322,GRANDE OESTE,XANXERÊ,-26.739709973471363,-52.57836812869868
95,FAXINAL DOS GUEDES,10965,GRANDE OESTE,XANXERÊ,-26.846669473721352,-52.24432281425879
96,GALVÃO,3219,GRANDE OESTE,XANXERÊ,-26.449409440681887,-52.65901067461307
97,IPUAÇU,7726,GRANDE OESTE,XANXERÊ,-26.6787391439459,-52.47601370371535
98,JUPIÁ,2542,GRANDE OESTE,XANXERÊ,-26.39410562808988,-52.72092005961704
99,LAJEADO GRANDE,1682,GRANDE OESTE,XANXERÊ,-26.85494130222345,-52.55208511201592
100,MAREMA,2177,GRANDE OESTE,XANXERÊ,-26.812382609184045,-52.63006957646893
101,NOVO HORIZONTE,2652,GRANDE OESTE,XANXERÊ,-26.494979246937564,-52.79636139882617
102,OURO VERDE,2168,GRANDE OESTE,XANXERÊ,-26.71153346352876,-52.27875795891815
103,PASSOS MAIA,4025,GRANDE OESTE,XANXERÊ,-26.706082760208048,-51.96106257398024
104,PONTE SERRADA,10414,GRANDE OESTE,XANXERÊ,-26.861768575031704,-51.92821372642347
105,SÃO BERNARDINO,2651,GRANDE OESTE,XANXERÊ,-26.4876954650617,-52.98761130109326
106,SÃO DOMINGOS,8984,GRANDE OESTE,XANXERÊ,-26.53938727845183,-52.55460248576241
107,SÃO LOURENÇO DO OESTE,24774,GRANDE OESTE,XANXERÊ,-26.465488220200022,-52.85977286462592
108,VARGEÃO,3585,GRANDE OESTE,XANXERÊ,-26.77869255231926,-52.12417603836292
109,XANXERÊ,50998,GRANDE OESTE,XANXERÊ,-26.87227935615384,-52.40975397789386
110,XAXIM,31625,GRANDE OESTE,XANXERÊ,-26.97030880074372,-52.52910542362624
111,ALTO BELA VISTA,1859,MEIO OESTE,ALTO URUGUAI CATARINENSE,-27.421535077482,-51.92594839668161
112,ARABUTÃ,4378,MEIO OESTE,ALTO URUGUAI CATARINENSE,-27.140868080616997,-52.18154485906579
113,CONCÓRDIA,81625,MEIO OESTE,ALTO URUGUAI CATARINENSE,-27.23912654780915,-52.00738181173657
114,IPIRA,4580,MEIO OESTE,ALTO URUGUAI CATARINENSE,-27.37081858347813,-51.798707740039546
115,IPUMIRIM,7815,MEIO OESTE,ALTO URUGUAI CATARINENSE,-27.04030920397246,-52.15289061018003
116,IRANI,10014,MEIO OESTE,ALTO URUGUAI CATARINENSE,-27.02523498657863,-51.917948145975714
117,ITÁ,7063,MEIO OESTE,ALTO URUGUAI CATARINENSE,-27.24401504736772,-52.33215832255871
118,LINDÓIA DO SUL,4549,MEIO OESTE,ALTO URUGUAI CATARINENSE,-27.031507278170547,-52.05246609985818
119,PERITIBA,2993,MEIO OESTE,ALTO URUGUAI CATARINENSE,-27.35136072671339,-51.87505899956805
120,PIRATUBA,5746,MEIO OESTE,ALTO URUGUAI CATARINENSE,-27.46121871446764,-51.77282038293217
121,PRESIDENTE CASTELLO BRANCO,1692,MEIO OESTE,ALTO URUGUAI CATARINENSE,-27.233334573923248,-51.7809355856458
122,SEARA,18623,MEIO OESTE,ALTO URUGUAI CATARINENSE,-27.147832610525413,-52.34069428230799
123,XAVANTINA,3654,MEIO OESTE,ALTO URUGUAI CATARINENSE,-27.02121446664788,-52.32188984982557
124,ARROIO TRINTA,3556,MEIO OESTE,ALTO VALE DO RIO DO PEIXE,-26.92149911289856,-51.33667814298063
125,CALMON,3465,MEIO OESTE,ALTO VALE DO RIO DO PEIXE,-26.622155602459436,-51.00686567860755
126,CAÇADOR,74105,MEIO OESTE,ALTO VALE DO RIO DO PEIXE,-26.76301573603967,-51.08466522606485
127,CURITIBANOS,40289,MEIO OESTE,ALTO VALE DO RIO DO PEIXE,-27.29293362288548,-50.61754793582909
128,FRAIBURGO,33662,MEIO OESTE,ALTO VALE DO RIO DO PEIXE,-27.037814801374303,-50.87243224056439
129,FREI ROGÉRIO,2411,MEIO OESTE,ALTO VALE DO RIO DO PEIXE,-27.191741296148173,-50.76564963995387
130,IBIAM,2003,MEIO OESTE,ALTO VALE DO RIO DO PEIXE,-27.208374212872567,-51.21546323270967
131,IOMERÊ,2865,MEIO OESTE,ALTO VALE DO RIO DO PEIXE,-26.9877300040858,-51.27550679848495
132,LEBON RÉGIS,11553,MEIO OESTE,ALTO VALE DO RIO DO PEIXE,-26.85842921486788,-50.702568782604985
133,MACIEIRA,1778,MEIO OESTE,ALTO VALE DO RIO DO PEIXE,-26.803514154117057,-51.35313152484498
134,MATOS COSTA,2762,MEIO OESTE,ALTO VALE DO RIO DO PEIXE,-26.481287587029858,-51.14183006698014
135,PINHEIRO PRETO,3469,MEIO OESTE,ALTO VALE DO RIO DO PEIXE,-27.049431015415728,-51.23605423031415
136,PONTE ALTA DO NORTE,3217,MEIO OESTE,ALTO VALE DO RIO DO PEIXE,-27.180289058668134,-50.41856691670765
137,RIO DAS ANTAS,6221,MEIO OESTE,ALTO VALE DO RIO DO PEIXE,-26.90907633588829,-51.063409436484186
138,SALTO VELOSO,4416,MEIO OESTE,ALTO VALE DO RIO DO PEIXE,-26.895934975227195,-51.428018355843534
139,SANTA CECÍLIA,15247,MEIO OESTE,ALTO VALE DO RIO DO PEIXE,-26.926037999151447,-50.44624009169733
140,SÃO CRISTÓVÃO DO SUL,6092,MEIO OESTE,ALTO VALE DO RIO DO PEIXE,-27.29520553690684,-50.349496512442265
141,TANGARÁ,8153,MEIO OESTE,ALTO VALE DO RIO DO PEIXE,-27.147028474882347,-51.14706907793429
142,TIMBÓ GRANDE,7368,MEIO OESTE,ALTO VALE DO RIO DO PEIXE,-26.624253499023236,-50.66563354765527
143,VIDEIRA,55921,MEIO OESTE,ALTO VALE DO RIO DO PEIXE,-27.006590429997196,-51.12679145811229
144,ABDON BATISTA,2600,MEIO OESTE,MEIO OESTE,-27.583824901720693,-51.0562628309725
145,BRUNÓPOLIS,2488,MEIO OESTE,MEIO OESTE,-27.346967886467382,-50.84496052789365
146,CAMPOS NOVOS,36976,MEIO OESTE,MEIO OESTE,-27.41300179636672,-51.24461188464247
147,CAPINZAL,23184,MEIO OESTE,MEIO OESTE,-27.411939390248456,-51.63081493151491
148,CATANDUVAS,10565,MEIO OESTE,MEIO OESTE,-27.04499810338548,-51.69641103992949
149,CELSO RAMOS,2802,MEIO OESTE,MEIO OESTE,-27.651968888665145,-51.30824148335268
150,ERVAL VELHO,4824,MEIO OESTE,MEIO OESTE,-27.284350801751906,-51.421889614368894
151,HERVAL D'OESTE,21339,MEIO OESTE,MEIO OESTE,-27.19537550519517,-51.41066483184581
152,IBICARÉ,3267,MEIO OESTE,MEIO OESTE,-27.09247046688953,-51.37004037385883
153,JABORÁ,4314,MEIO OESTE,MEIO OESTE,-27.141510230826743,-51.772666951728674
154,JOAÇABA,29976,MEIO OESTE,MEIO OESTE,-27.151796127157358,-51.59293464174646
155,LACERDÓPOLIS,2256,MEIO OESTE,MEIO OESTE,-27.250882306855967,-51.59031113339198
156,LUZERNA,5760,MEIO OESTE,MEIO OESTE,-27.09041292936536,-51.50563310304435
157,MONTE CARLO,9131,MEIO OESTE,MEIO OESTE,-27.1937349107742,-50.92753484296082
158,OURO,7025,MEIO OESTE,MEIO OESTE,-27.283436662769383,-51.68188570460702
159,TREZE TÍLIAS,8803,MEIO OESTE,MEIO OESTE,-26.964791254360083,-51.44935440560939
160,VARGEM,2621,MEIO OESTE,MEIO OESTE,-27.46687704848312,-50.95046385540894
161,VARGEM BONITA,4572,MEIO OESTE,MEIO OESTE,-26.944996335664232,-51.7566311514641
162,ZORTÉA,3925,MEIO OESTE,MEIO OESTE,-27.47698781177276,-51.535614862678045
163,ÁGUA DOCE,6286,MEIO OESTE,MEIO OESTE,-26.76446918157033,-51.61240583867837
164,ARAQUARI,45462,NORDESTE,NORDESTE,-26.461708089601323,-48.75777734611065
165,BALNEÁRIO BARRA DO SUL,14885,NORDESTE,NORDESTE,-26.446419426504228,-48.6525686779991
166,GARUVA,18697,NORDESTE,NORDESTE,-26.05711167861282,-48.86732766109188
167,ITAPOÁ,30731,NORDESTE,NORDESTE,-26.082477365716414,-48.65235420331072
168,JOINVILLE,617979,NORDESTE,NORDESTE,-26.244282225607027,-48.95140521079262
169,SÃO FRANCISCO DO SUL,52428,NORDESTE,NORDESTE,-26.26159673750705,-48.64031938386047
170,BARRA VELHA,45633,NORDESTE,VALE DO ITAPOCU,-26.662440609824166,-48.72738559449102
171,CORUPÁ,15287,NORDESTE,VALE DO ITAPOCU,-26.439933805537702,-49.32671147592909
172,GUARAMIRIM,46502,NORDESTE,VALE DO ITAPOCU,-26.47655093499799,-48.94488242157447
173,JARAGUÁ DO SUL,193304,NORDESTE,VALE DO ITAPOCU,-26.481907693524388,-49.15997433990064
174,MASSARANDUBA,18922,NORDESTE,VALE DO ITAPOCU,-26.626911300757143,-48.98819178964745
175,SCHROEDER,20213,NORDESTE,VALE DO ITAPOCU,-26.36795231023243,-49.06045571561801
176,SÃO JOÃO DO ITAPERIÚ,4484,NORDESTE,VALE DO ITAPOCU,-26.59105248462006,-48.79773346422953
177,BELA VISTA DO TOLDO,5863,PLANALTO NORTE,PLANALTO NORTE,-26.41807905207535,-50.48684429981012
178,CAMPO ALEGRE,12318,PLANALTO NORTE,PLANALTO NORTE,-26.12055648774321,-49.21753924216807
179,CANOINHAS,54848,PLANALTO NORTE,PLANALTO NORTE,-26.249950005908698,-50.53337070155689
180,IRINEÓPOLIS,10298,PLANALTO NORTE,PLANALTO NORTE,-26.357066305040167,-50.76069119092562
181,ITAIÓPOLIS,22065,PLANALTO NORTE,PLANALTO NORTE,-26.47214831122725,-49.8912454898794
182,MAFRA,55463,PLANALTO NORTE,PLANALTO NORTE,-26.20081171740186,-49.88955903735795
183,MAJOR VIEIRA,7359,PLANALTO NORTE,PLANALTO NORTE,-26.481213478137697,-50.361577147797256
184,MONTE CASTELO,7754,PLANALTO NORTE,PLANALTO NORTE,-26.660693783089588,-50.291540444204806
185,PAPANDUVA,19132,PLANALTO NORTE,PLANALTO NORTE,-26.50242441247795,-50.1723622637524
186,PORTO UNIÃO,32190,PLANALTO NORTE,PLANALTO NORTE,-26.38362840601625,-51.00778459817214
187,RIO NEGRINHO,38531,PLANALTO NORTE,PLANALTO NORTE,-26.44271403183842,-49.596155798278296
188,SÃO BENTO DO SUL,82760,PLANALTO NORTE,PLANALTO NORTE,-26.294901587995746,-49.34998168331938
189,TRÊS BARRAS,19782,PLANALTO NORTE,PLANALTO NORTE,-26.16992128272165,-50.25523015846496
190,ANITA GARIBALDI,8286,SERRA CATARINENSE,SERRA CATARINENSE,-27.730321792809924,-51.07955798426662
191,BOCAINA DO SUL,3514,SERRA CATARINENSE,SERRA CATARINENSE,-27.763117533335603,-49.909163039792034
192,BOM JARDIM DA SERRA,4362,SERRA CATARINENSE,SERRA CATARINENSE,-28.361004608214945,-49.65245191624736
193,BOM RETIRO,8698,SERRA CATARINENSE,SERRA CATARINENSE,-27.78535988762668,-49.56300898690758
194,CAMPO BELO DO SUL,7345,SERRA CATARINENSE,SERRA CATARINENSE,-27.847014437690294,-50.77112433388904
195,CAPÃO ALTO,2892,SERRA CATARINENSE,SERRA CATARINENSE,-28.06218197704196,-50.60691206966024
196,CERRO NEGRO,3318,SERRA CATARINENSE,SERRA CATARINENSE,-27.776354678164044,-50.93193513934535
197,CORREIA PINTO,15720,SERRA CATARINENSE,SERRA CATARINENSE,-27.59682976815301,-50.378096027660185
198,LAGES,164881,SERRA CATARINENSE,SERRA CATARINENSE,-28.02046733452816,-50.34057306529381
199,OTACÍLIO COSTA,17357,SERRA CATARINENSE,SERRA CATARINENSE,-27.517214351001314,-49.97162825462502
200,PAINEL,2199,SERRA CATARINENSE,SERRA CATARINENSE,-27.96363041785285,-50.07213529549512
201,PALMEIRA,2627,SERRA CATARINENSE,SERRA CATARINENSE,-27.562593742205628,-50.1616144262276
202,PONTE ALTA,4437,SERRA CATARINENSE,SERRA CATARINENSE,-27.4101571043106,-50.29874092136142
203,RIO RUFINO,2432,SERRA CATARINENSE,SERRA CATARINENSE,-27.914235029891643,-49.75337595029075
204,SÃO JOAQUIM,26026,SERRA CATARINENSE,SERRA CATARINENSE,-28.298349165873432,-50.01398597874578
205,SÃO JOSÉ DO CERRITO,8708,SERRA CATARINENSE,SERRA CATARINENSE,-27.598271651210737,-50.65026289681241
206,URUBICI,11156,SERRA CATARINENSE,SERRA CATARINENSE,-28.038876224405293,-49.57745827407624
207,URUPEMA,2719,SERRA CATARINENSE,SERRA CATARINENSE,-28.023654070551256,-49.90088889407842
208,BALNEÁRIO RINCÃO,15880,SUL,CARBONÍFERA,-28.8267399540157,-49.25423722484238
209,COCAL DO SUL,17241,SUL,CARBONÍFERA,-28.59869687778446,-49.3339303801786
210,CRICIÚMA,231088,SUL,CARBONÍFERA,-28.715695317599724,-49.379715593390806
211,FORQUILHINHA,31692,SUL,CARBONÍFERA,-28.78169340856214,-49.49328332774105
212,IÇARA,64456,SUL,CARBONÍFERA,-28.751615358390502,-49.277346428181566
213,LAURO MÜLLER,14192,SUL,CARBONÍFERA,-28.384585380726385,-49.45193164331007
214,MORRO DA FUMAÇA,18687,SUL,CARBONÍFERA,-28.637695962847623,-49.24286164427865
215,NOVA VENEZA,13396,SUL,CARBONÍFERA,-28.68471789145389,-49.58491232010042
216,ORLEANS,23531,SUL,CARBONÍFERA,-28.27993784715249,-49.37185982502813
217,SIDERÓPOLIS,13862,SUL,CARBONÍFERA,-28.58327160078786,-49.526695700067904
218,TREVISO,3783,SUL,CARBONÍFERA,-28.499162004094863,-49.48984119522768
219,URUSSANGA,20915,SUL,CARBONÍFERA,-28.4926994380424,-49.32827746452854
220,ARARANGUÁ,72138,SUL,EXTREMO SUL CATARINENSE,-28.9422934098757,-49.47117420910179
221,BALNEÁRIO ARROIO DO SILVA,15693,SUL,EXTREMO SUL CATARINENSE,-29.01946507516236,-49.475056726291164
222,BALNEÁRIO GAIVOTA,15353,SUL,EXTREMO SUL CATARINENSE,-29.153516044807805,-49.61536798375303
223,ERMO,2270,SUL,EXTREMO SUL CATARINENSE,-28.990337147169804,-49.65292076186806
224,JACINTO MACHADO,10624,SUL,EXTREMO SUL CATARINENSE,-28.99483199811634,-49.848148251438495
225,MARACAJÁ,7825,SUL,EXTREMO SUL CATARINENSE,-28.863962997280648,-49.45554724451555
226,MELEIRO,6940,SUL,EXTREMO SUL CATARINENSE,-28.84175105997365,-49.60179372826444
227,MORRO GRANDE,2982,SUL,EXTREMO SUL CATARINENSE,-28.72206489285062,-49.74048358458427
228,PASSO DE TORRES,12875,SUL,EXTREMO SUL CATARINENSE,-29.267247532606632,-49.72193226710953
229,PRAIA GRANDE,8131,SUL,EXTREMO SUL CATARINENSE,-29.181867687497547,-49.98950210163336
230,SANTA ROSA DO SUL,9308,SUL,EXTREMO SUL CATARINENSE,-29.121482522349368,-49.743750639484986
231,SOMBRIO,29503,SUL,EXTREMO SUL CATARINENSE,-29.070190675497283,-49.6559270933593
232,SÃO JOÃO DO SUL,8642,SUL,EXTREMO SUL CATARINENSE,-29.20556695305148,-49.81346773582506
233,TIMBÉ DO SUL,5377,SUL,EXTREMO SUL CATARINENSE,-28.8073934512733,-49.86846229280308
234,TURVO,12993,SUL,EXTREMO SUL CATARINENSE,-28.903082181075938,-49.70342183732695
235,ARMAZÉM,8825,SUL,LAGUNA,-28.23788063813609,-49.014677665017096
236,BRAÇO DO NORTE,34113,SUL,LAGUNA,-28.240945450971008,-49.14236463397278
237,CAPIVARI DE BAIXO,22873,SUL,LAGUNA,-28.455563833138974,-48.94338454298476
238,GRAVATAL,14022,SUL,LAGUNA,-28.35401953596473,-49.01952408367509
239,IMARUÍ,12331,SUL,LAGUNA,-28.23147922122709,-48.8344127034363
240,IMBITUBA,54258,SUL,LAGUNA,-28.19427352006288,-48.70266299449253
241,JAGUARUNA,19538,SUL,LAGUNA,-28.657895860293905,-49.04474831889522
242,LAGUNA,41269,SUL,LAGUNA,-28.486420639279142,-48.82593048728185
243,PEDRAS GRANDES,4233,SUL,LAGUNA,-28.47942090733158,-49.20447504744034
244,PESCARIA BRAVA,10224,SUL,LAGUNA,-28.401764026554133,-48.88364248038416
245,RIO FORTUNA,4885,SUL,LAGUNA,-28.09342423824744,-49.19056685602841
246,SANGÃO,12995,SUL,LAGUNA,-28.65131474857763,-49.12583417040969
247,SANTA ROSA DE LIMA,2002,SUL,LAGUNA,-28.01190657416012,-49.18186523393394
248,SÃO LUDGERO,13431,SUL,LAGUNA,-28.353134609105727,-49.16816231413642
249,SÃO MARTINHO,3654,SUL,LAGUNA,-28.12455670873408,-48.97190447556622
250,TREZE DE MAIO,7354,SUL,LAGUNA,-28.566224209216447,-49.15419058150752
251,TUBARÃO,114389,SUL,LAGUNA,-28.48158146246524,-49.03724862155106
252,AGROLÂNDIA,11010,VALE DO ITAJAÍ,ALTO VALE DO ITAJAÍ,-27.45511639364327,-49.82477985824378
253,AGRONÔMICA,6055,VALE DO ITAJAÍ,ALTO VALE DO ITAJAÍ,-27.32755942971644,-49.72074685728468
254,ATALANTA,3218,VALE DO ITAJAÍ,ALTO VALE DO ITAJAÍ,-27.43730389659576,-49.74255039033168
255,AURORA,6810,VALE DO ITAJAÍ,ALTO VALE DO ITAJAÍ,-27.32963166107603,-49.59034698790699
256,BRAÇO DO TROMBUDO,3954,VALE DO ITAJAÍ,ALTO VALE DO ITAJAÍ,-27.36859854728649,-49.90361664577843
257,CHAPADÃO DO LAGEADO,2949,VALE DO ITAJAÍ,ALTO VALE DO ITAJAÍ,-27.582726613717423,-49.5563835039048
258,DONA EMMA,4006,VALE DO ITAJAÍ,ALTO VALE DO ITAJAÍ,-26.988700760959578,-49.778082402911785
259,IBIRAMA,21425,VALE DO ITAJAÍ,ALTO VALE DO ITAJAÍ,-27.018150479352176,-49.52854434507853
260,IMBUIA,5988,VALE DO ITAJAÍ,ALTO VALE DO ITAJAÍ,-27.502912858233568,-49.40652574441874
261,ITUPORANGA,26694,VALE DO ITAJAÍ,ALTO VALE DO ITAJAÍ,-27.45344960217853,-49.53886990331492
262,JOSÉ BOITEUX,5991,VALE DO ITAJAÍ,ALTO VALE DO ITAJAÍ,-26.85948733686543,-49.64630644716272
263,LAURENTINO,7524,VALE DO ITAJAÍ,ALTO VALE DO ITAJAÍ,-27.20798229696701,-49.73361403099963
264,LONTRAS,12913,VALE DO ITAJAÍ,ALTO VALE DO ITAJAÍ,-27.18943445931826,-49.5073088131697
265,MIRIM DOCE,2502,VALE DO ITAJAÍ,ALTO VALE DO ITAJAÍ,-27.185593229141546,-50.17513587741343
266,PETROLÂNDIA,6718,VALE DO ITAJAÍ,ALTO VALE DO ITAJAÍ,-27.54574074916576,-49.68272426717698
267,POUSO REDONDO,17143,VALE DO ITAJAÍ,ALTO VALE DO ITAJAÍ,-27.286165527361565,-49.977272039975205
268,PRESIDENTE GETÚLIO,21231,VALE DO ITAJAÍ,ALTO VALE DO ITAJAÍ,-27.06258379829857,-49.71442977022528
269,PRESIDENTE NEREU,2300,VALE DO ITAJAÍ,ALTO VALE DO ITAJAÍ,-27.268252905221093,-49.35495247270836
270,RIO DO CAMPO,6447,VALE DO ITAJAÍ,ALTO VALE DO ITAJAÍ,-26.8923067208224,-50.13139401795918
271,RIO DO OESTE,7623,VALE DO ITAJAÍ,ALTO VALE DO ITAJAÍ,-27.158976836165333,-49.84167276904675
272,RIO DO SUL,70952,VALE DO ITAJAÍ,ALTO VALE DO ITAJAÍ,-27.196050867028838,-49.62995257034289
273,SALETE,7502,VALE DO ITAJAÍ,ALTO VALE DO ITAJAÍ,-26.96962326284445,-50.01068505920498
274,SANTA TEREZINHA,8061,VALE DO ITAJAÍ,ALTO VALE DO ITAJAÍ,-26.66760287787676,-50.00529593803346
275,TAIÓ,18282,VALE DO ITAJAÍ,ALTO VALE DO ITAJAÍ,-27.078455806270693,-50.092434824380845
276,TROMBUDO CENTRAL,7074,VALE DO ITAJAÍ,ALTO VALE DO ITAJAÍ,-27.312097301154424,-49.81141612505136
277,VIDAL RAMOS,6160,VALE DO ITAJAÍ,ALTO VALE DO ITAJAÍ,-27.38788245270673,-49.34775257609078
278,VITOR MEIRELES,5362,VALE DO ITAJAÍ,ALTO VALE DO ITAJAÍ,-26.826433538775674,-49.84520206839082
279,WITMARSUM,4314,VALE DO ITAJAÍ,ALTO VALE DO ITAJAÍ,-26.937345110004777,-49.84176100206415
280,APIÚNA,11926,VALE DO ITAJAÍ,MÉDIO VALE DO ITAJAÍ,-27.124502359730972,-49.364244600271256
281,ASCURRA,8408,VALE DO ITAJAÍ,MÉDIO VALE DO ITAJAÍ,-26.97363368202941,-49.39596551693794
282,BENEDITO NOVO,10484,VALE DO ITAJAÍ,MÉDIO VALE DO ITAJAÍ,-26.80094023363729,-49.43539636534986
283,BLUMENAU,363340,VALE DO ITAJAÍ,MÉDIO VALE DO ITAJAÍ,-26.885766673711007,-49.09730924738388
284,BOTUVERÁ,5368,VALE DO ITAJAÍ,MÉDIO VALE DO ITAJAÍ,-27.218576097272617,-49.12352579900576
285,BRUSQUE,141676,VALE DO ITAJAÍ,MÉDIO VALE DO ITAJAÍ,-27.125000077860676,-48.90974338759385
286,DOUTOR PEDRINHO,3670,VALE DO ITAJAÍ,MÉDIO VALE DO ITAJAÍ,-26.70556725719545,-49.55383878447964
287,GASPAR,73053,VALE DO ITAJAÍ,MÉDIO VALE DO ITAJAÍ,-26.931342854989225,-48.96603277755912
288,GUABIRUBA,24578,VALE DO ITAJAÍ,MÉDIO VALE DO ITAJAÍ,-27.103337763844536,-49.02075045567544
289,INDAIAL,71369,VALE DO ITAJAÍ,MÉDIO VALE DO ITAJAÍ,-26.99497938110411,-49.22417768790135
290,POMERODE,34699,VALE DO ITAJAÍ,MÉDIO VALE DO ITAJAÍ,-26.728186239159665,-49.17330417894716
291,RIO DOS CEDROS,10879,VALE DO ITAJAÍ,MÉDIO VALE DO ITAJAÍ,-26.61792661732718,-49.368384844168055
292,RODEIO,12715,VALE DO ITAJAÍ,MÉDIO VALE DO ITAJAÍ,-26.895097082819174,-49.35103649063635
293,TIMBÓ,46144,VALE DO ITAJAÍ,MÉDIO VALE DO ITAJAÍ,-26.808191984335508,-49.268848087269895
